id,name,model_id:id,group_id:id,perm_read,perm_write,perm_create,perm_unlink
access_operating_unit_employee,enterprise.ops.operating.unit.employee,model_enterprise_ops_operating_unit,group_employee,1,0,0,0
access_operating_unit_manager,enterprise.ops.operating.unit.manager,model_enterprise_ops_operating_unit,group_manager,1,0,0,0
access_operating_unit_procurement,enterprise.ops.operating.unit.procurement,model_enterprise_ops_operating_unit,group_procurement,1,0,0,0
access_operating_unit_finance,enterprise.ops.operating.unit.finance,model_enterprise_ops_operating_unit,group_finance,1,0,0,0
access_operating_unit_admin,enterprise.ops.operating.unit.admin,model_enterprise_ops_operating_unit,group_admin,1,1,1,1
access_department_employee,enterprise.ops.department.employee,model_enterprise_ops_department,group_employee,1,0,0,0
access_department_manager,enterprise.ops.department.manager,model_enterprise_ops_department,group_manager,1,0,0,0
access_department_procurement,enterprise.ops.department.procurement,model_enterprise_ops_department,group_procurement,1,0,0,0
access_department_finance,enterprise.ops.department.finance,model_enterprise_ops_department,group_finance,1,0,0,0
access_department_admin,enterprise.ops.department.admin,model_enterprise_ops_department,group_admin,1,1,1,1
access_request_employee,enterprise.ops.request.employee,model_enterprise_ops_request,group_employee,1,1,1,0
access_request_manager,enterprise.ops.request.manager,model_enterprise_ops_request,group_manager,1,1,1,0
access_request_procurement,enterprise.ops.request.procurement,model_enterprise_ops_request,group_procurement,1,1,0,0
access_request_finance,enterprise.ops.request.finance,model_enterprise_ops_request,group_finance,1,0,0,0
access_request_admin,enterprise.ops.request.admin,model_enterprise_ops_request,group_admin,1,1,1,1
access_request_line_employee,enterprise.ops.request.line.employee,model_enterprise_ops_request_line,group_employee,1,1,1,1
access_request_line_manager,enterprise.ops.request.line.manager,model_enterprise_ops_request_line,group_manager,1,0,0,0
access_request_line_procurement,enterprise.ops.request.line.procurement,model_enterprise_ops_request_line,group_procurement,1,1,0,0
access_request_line_finance,enterprise.ops.request.line.finance,model_enterprise_ops_request_line,group_finance,1,0,0,0
access_request_line_admin,enterprise.ops.request.line.admin,model_enterprise_ops_request_line,group_admin,1,1,1,1